<?xml version='1.0' encoding='utf-8'?>
<!DOCTYPE hibernate-configuration PUBLIC
        "-//Hibernate/Hibernate Configuration DTD 3.0//EN"
        "http://hibernate.sourceforge.net/hibernate-configuration-3.0.dtd">

<hibernate-configuration>

    <session-factory>

        <property name="connection.driver_class">org.hsqldb.jdbcDriver</property>
        <property name="connection.url">jdbc:hsqldb:hsql://localhost</property>
        <property name="connection.username">sa</property>
        <property name="connection.password"></property>

        <property name="dialect">org.hibernate.dialect.HSQLDialect</property>

        <property name="connection.pool_size">1</property>

        <mapping resource="Address.hbm.xml"/>
        <mapping resource="Document.hbm.xml"/>

    </session-factory>

</hibernate-configuration>
