<?xml version="1.0" encoding="ISO-8859-1"?>
<!--
  ~ Copyright (c) 2011.  The Apache Software Foundation
  ~
  ~ Licensed to the Apache Software Foundation (ASF) under one
  ~ or more contributor license agreements.  See the NOTICE file
  ~ distributed with this work for additional information
  ~ regarding copyright ownership.  The ASF licenses this file
  ~ to you under the Apache License, Version 2.0 (the
  ~ "License"); you may not use this file except in compliance
  ~ with the License.  You may obtain a copy of the License at
  ~
  ~     http://www.apache.org/licenses/LICENSE-2.0
  ~
  ~ Unless required by applicable law or agreed to in writing, software
  ~ distributed under the License is distributed on an "AS IS" BASIS,
  ~ WITHOUT WARRANTIES OR CONDITIONS OF ANY KIND, either express or implied.
  ~ See the License for the specific language governing permissions and
  ~ limitations under the License.
  -->

<project name="HBql">
    <bannerLeft>
        <name>Hadoop</name>
        <src>http://hadoop.apache.org/hbase/images/hadoop-logo.jpg</src>
        <href>http://hadoop.apache.org/</href>
    </bannerLeft>

    <bannerRight>
        <name>HBql</name>
        <src>/images/hbql.png</src>
        <href>http://www.hbql.com/index.html/</href>
    </bannerRight>

    <skin>
        <groupId>org.apache.maven.skins</groupId>
        <artifactId>maven-default-skin</artifactId>
        <version>1.0</version>
    </skin>

    <body>
        <links>
            <item name="Hadoop" href="http://hadoop.hadoop.org"/>
            <item name="HBase" href="http://hadoop.apache.org/hbase/"/>
        </links>

        <menu name="HBql">
            <item name="Home" href="./index.html"/>
            <item name="Download" href="./download.html"/>
            <item name="Statements" href="./statements/statements.html"/>
            <item name="Client API" href="./apidocs/org/apache/hadoop/hbase/hbql/client/package-summary.html"/>
            <item name="Javadocs" href="./apidocs/index.html"/>
            <item name="Examples" href="./examples/examples.html"/>
            <item name="FAQ" href="./faq.html"/>
            <item name="Blog" href="http://hbql.blogspot.com"/>
        </menu>
        <!--
        <breadcrumbs>
            <item name="Hadoop" href="http://hadoop.hadoop.org"/>
            <item name="HBase" href="http://hadoop.apache.org/hbase/"/>
        </breadcrumbs>
        -->

    </body>
</project>