<?xml version="1.0" ?>
<!--
// $Id: //open/util/resgen/example/source/happy/BirthdayResource.xml#2 $
// package org.eigenbase.resgen is an i18n resource generator
// Copyright (C) 2005-2005 The Eigenbase Project
// Copyright (C) 2005-2005 Disruptive Tech
// Copyright (C) 2005-2005 Red Square, Inc.
// Portions Copyright (C) 2000-2005 Kana Software, Inc. and others.
// All Rights Reserved.
//
// This library is free software; you can redistribute it and/or modify it
// under the terms of the GNU Lesser General Public License as published by
// the Free Software Foundation; either version 2.1 of the License, or
// (at your option) any later version.
//
// This library is distributed in the hope that it will be useful, but
// WITHOUT ANY WARRANTY; without even the implied warranty of MERCHANTABILITY
// or FITNESS FOR A PARTICULAR PURPOSE. See the GNU Lesser General Public
// License for more details.
//
// You should have received a copy of the GNU Lesser General Public License
// along with this library; if not, write to the Free Software Foundation, Inc.,
// 59 Temple Place, Suite 330, Boston, MA 02111-1307, USA.
//
// Base resource file for ResGen example.
  -->
<resourceBundle locale="en_US">
  <message name="HappyBirthday">
    <text>Happy Birthday, {0}! You don''t look {1,number}.</text>
  </message>
  <exception name="TooYoung" className="RuntimeException">
    <text>{0} has not been born yet.</text>
  </exception>
</resourceBundle>
