<?xml version="1.0" encoding="UTF-8"?>

<!-- Pivot4J Analytics configuration file. -->
<config>
	<!-- Data source definitions. -->
	<datasources>
		<!-- 
			You can register any kind of data source which is supported by Olap4J.
			For a reference of available drivers and connection parameters, please 
			visit the Olap4J home page :

			http://www.olap4j.org/
		-->
		<datasource>
			<name>FoodMart Mondrian</name>
			<description>FoodMart sample data source.</description>

			<connection-info>
				<url>jdbc:mondrian:</url>
				<driverClass>mondrian.olap4j.MondrianOlap4jDriver</driverClass>

				<!--
					You can use several predefined variables to reference well known file 
					system locations.

					For example, '${webRoot}' is the 'WEB-INF' directory of the current web 
					application context.

					And '${userHome}' refers to the home directory of the user on whose 
					account the application server is running.

					Finally, '${appHome}' referes to the application home directory, which 
					is defined as '${userHome}.pivot4j' by default.

					You can also use '${FS}' to denote the OS specific file separator character.
				-->
				<properties>
					<property name="Catalog">file:${webRoot}${FS}FoodMart.xml</property>
					<property name="Jdbc">jdbc:derby:${webRoot}${FS}foodmart</property>
					<property name="JdbcDrivers">org.apache.derby.jdbc.EmbeddedDriver</property>
					<property name="JdbcUser">sa</property>
				</properties>
			</connection-info>
		</datasource>

		<!-- XMLA data source example -->
		<!-- 
		<datasource>
			<name>FoodMart XMLA</name>
			<description>FoodMart sample data source(XMLA).</description>

			<connection-info>
				<url>jdbc:xmla:</url>
				<driverClass>org.olap4j.driver.xmla.XmlaOlap4jDriver</driverClass>
				<user>somebody</user>
				<password>secret</password>

				<properties>
					<property name="Server">http://localhost:8080/mondrian/xmla</property>
					<property name="Catalog">FoodMart</property>
				</properties>
			</connection-info>
		</datasource>
		-->
	</datasources>

	<!-- Appearance settings. -->
	<appearances>
		<!--
			You can download more themes from the below site and install them 
			under the application library directory (i.e. '/WEB-INF/lib') :

			http://www.primefaces.org/themes.html
		-->
		<ui-theme>
			<default>redmond</default>
			<available-themes>
				<theme name="aristo" description="Aristo" />
				<theme name="bootstrap" description="Bootstrap" />
				<theme name="black-tie" description="Black-Tie" />
				<theme name="cruze" description="Cruze" />
				<theme name="humanity" description="Humanity" />
				<theme name="redmond" description="Redmond" />
				<theme name="rocket" description="Rocket" />
			</available-themes>
		</ui-theme>

		<!--
			For a complete list of available editor themes, please visit : 
			http://codemirror.net/demo/theme.html
		-->
		<editor-theme>eclipse</editor-theme>
	</appearances>

	<!-- Miscellaneous settings used for integration with other systems. -->
	<web>
		<!-- URI prefix for web resources like images or stylesheets. -->
		<resource-prefix />

		<!-- Name of a session attribute variable for user locale. -->
		<locale-attribute>locale</locale-attribute>

		<!-- Name of a request parameter for view id. -->
		<view-parameter>viewId</view-parameter>
	</web>
</config>