<?xml version="1.0" encoding="UTF-8"?>
<project xmlns="http://maven.apache.org/DECORATION/1.3.0"
	xmlns:xsi="http://www.w3.org/2001/XMLSchema-instance"
	xsi:schemaLocation="http://maven.apache.org/DECORATION/1.3.0 http://maven.apache.org/xsd/decoration-1.3.0.xsd"
	name="Pivot4J">
	<googleAnalyticsAccountId>UA-38197551-1</googleAnalyticsAccountId>

	<skin>
		<groupId>org.apache.maven.skins</groupId>
		<artifactId>maven-fluido-skin</artifactId>
		<version>1.3.0</version>
	</skin>

	<body>
		<head>
			<meta name="google-site-verification" content="1eTr2b9TBltzvRgJMurNfI32T-3xJVGEV-E-lqfGMwU" />
			<link rel="shortcut icon" href="./favicon.ico" />
		</head>

		<links>
			<item name="Issue Tracker" href="https://github.com/mysticfall/pivot4j/issues" />
			<item name="Discussions" href="http://groups.google.com/d/forum/pivot4j-list" />
			<item name="JPivot Project" href="http://jpivot.sourceforge.net" />
			<item name="Pentaho Community" href="http://community.pentaho.com" />
			<item name="Olap4J Project" href="http://www.olap4j.org" />
			<item name="GitHub Project Page" href="https://github.com/mysticfall/pivot4j" />
		</links>
		<menu name="Overview">
			<item name="Introduction" href="index.html" />
			<item name="Pivot4J Analytics" href="example.html" />
			<item name="Pentaho BI Plugin" href="pentaho.html" />
			<item name="Download" href="download.html" />
			<item name="How to Use" href="usage.html" />
			<item name="For Developers" href="developer.html" />
			<item name="FAQ" href="faq.html" />
		</menu>
		<menu ref="reports" />
	</body>

	<custom>
		<fluidoSkin>
			<sideBarEnabled>true</sideBarEnabled>
			<sourceLineNumbersEnabled>true</sourceLineNumbersEnabled>
			<profile>production</profile>
			<gitHub>
				<projectId>mysticfall/pivot4j</projectId>
				<ribbonOrientation>right</ribbonOrientation>
				<ribbonColor>red</ribbonColor>
			</gitHub>
			<twitter>
				<user>pivot4j</user>
				<showUser>true</showUser>
				<showFollowers>true</showFollowers>
			</twitter>
			<googleSearch />
		</fluidoSkin>
	</custom>
</project>
