<?xml version="1.0" encoding="UTF-8"?>
<beans xmlns="http://www.springframework.org/schema/beans"
       xmlns:xsi="http://www.w3.org/2001/XMLSchema-instance"
       xmlns:util="http://www.springframework.org/schema/util"
       xsi:schemaLocation="http://www.springframework.org/schema/beans 
       http://www.springframework.org/schema/beans/spring-beans-2.5.xsd
       http://www.springframework.org/schema/util 
       http://www.springframework.org/schema/util/spring-util-2.5.xsd">



	<bean id="defaultChartTheme" class="net.sf.jasperreports.charts.themes.GenericChartTheme">
		<property name="defaultChartPropertiesMap">
			<map>
			    <entry key-ref="defaultBackgroundPaint" value-ref="transparentPaint"/>
			    
		   	    <entry key-ref="defaultTitleVisible" value-ref="isTrue"/>
		   	    <entry key-ref="defaultSubtitleVisible" value-ref="isTrue"/>
		   	    <entry key-ref="defaultLegendVisible" value-ref="isTrue"/>
			    
		   	    <entry key-ref="defaultTitlePosition" value-ref="rectangleEdgeTop"/>
		   	    <entry key-ref="defaultTitleBaseFontBoldStyle" value-ref="fontPlainStyle"/>
		   	    <entry key-ref="defaultTitleBaseFontItalicStyle" value-ref="fontPlainStyle"/>
		   	    <entry key-ref="defaultTitleForecolor" value-ref="blackColor"/>
		   	    <entry key-ref="defaultTitleBackcolor" value-ref="transparentPaint"/>
		   	    <entry key-ref="defaultTitleHorizontalAlignment" value-ref="centerHorizontalAlignment"/>
				
		   	    <entry key-ref="defaultSubtitlePosition" value-ref="rectangleEdgeTop"/>
		   	    <entry key-ref="defaultSubtitleBaseFontBoldStyle" value-ref="fontPlainStyle"/>
		   	    <entry key-ref="defaultSubtitleBaseFontItalicStyle" value-ref="fontPlainStyle"/>
		   	    <entry key-ref="defaultSubtitleForecolor" value-ref="blackColor"/>
		   	    <entry key-ref="defaultSubtitleBackcolor" value-ref="transparentPaint"/>
		   	    <entry key-ref="defaultSubtitleHorizontalAlignment" value-ref="centerHorizontalAlignment"/>
		   	    
		   	    <entry key-ref="defaultLegendPosition" value-ref="rectangleEdgeBottom"/>
		   	    <entry key-ref="defaultLegendBaseFontBoldStyle" value-ref="fontPlainStyle"/>
		   	    <entry key-ref="defaultLegendBaseFontItalicStyle" value-ref="fontPlainStyle"/>
		   	    <entry key-ref="defaultLegendForecolor" value-ref="blackColor"/>
		   	    <entry key-ref="defaultLegendBackcolor" value-ref="transparentPaint"/>
		   	    <entry key-ref="defaultLegendHorizontalAlignment" value-ref="centerHorizontalAlignment"/>

			    <entry key-ref="defaultChartBorderVisible" value-ref="isFalse"/>
			    <entry key-ref="defaultChartAntiAlias" value-ref="isTrue"/>
			    <entry key-ref="defaultUnitType" value-ref="unitTypeRelative"/>
			    
			</map>
		</property>
		<property name="defaultPlotPropertiesMap">
			<map>
				<entry key-ref="defaultPlotOutlineVisible" value-ref="isFalse"/>
		   	    <entry key-ref="defaultPlotBackgroundPaint" value-ref="transparentPaint"/>
		   	    <entry key-ref="defaultPlotBackgroundAlpha">
		   	    	<value type="java.lang.Float">1f</value>
		   	    </entry>
		   	    <entry key-ref="defaultPlotForegroundAlpha">
		   	    	<value type="java.lang.Float">1f</value>
		   	    </entry>
			</map>
		</property>
		<property name="defaultAxisPropertiesMap">
			<map>
		   	    <entry key-ref="defaultAxisVisible" value-ref="isTrue"/>
		   	    <entry key-ref="defaultAxisLineVisible" value-ref="isTrue"/>
		   	    <entry key-ref="defaultAxisLabelVisible" value-ref="isTrue"/>
		   	    <entry key-ref="defaultAxisTickLabelsVisible" value-ref="isTrue"/>
		   	    <entry key-ref="defaultAxisTickMarksVisible" value-ref="isTrue"/>
		   	    <entry key-ref="defaultAxisLocation" value-ref="axisLocationTopOrLeft"/>
			</map>
		</property>
		<property name="defaultChartTypePropertiesMap" ref="defaultChartTypeProperties"/>
	</bean>

	<import resource="defaultChartTypePropertiesBean.xml"/>
	<import resource="chartConstantsBean.xml"/>
</beans>
